timestamp;elapsed_s;record_frame;peak_id;state;x_px;y_px;confidence;missed_frames;search_scale;area_px;threshold;preset
2026-08-10T12:58:32.637;0.309;1;1;HOLD;1252.3618;913.0227;0.9699;2;1.068;58.00;202.48;Базовый
2026-08-10T12:58:32.637;0.309;1;2;LOCK;1309.7702;869.9973;0.9971;0;1.000;67.00;205.20;Базовый
2026-08-10T12:58:33.050;0.722;2;1;HOLD;1252.3618;913.0227;0.9553;3;1.102;58.00;202.48;Базовый
2026-08-10T12:58:33.050;0.722;2;2;LOCK;1309.7307;869.7492;0.9996;0;1.000;52.00;205.04;Базовый
2026-08-10T12:58:33.352;1.024;3;1;HOLD;1252.3584;913.0309;0.9696;2;1.068;54.00;210.20;Базовый
2026-08-10T12:58:33.352;1.024;3;2;LOCK;1309.5631;868.7546;0.9999;0;1.000;52.00;204.72;Базовый
2026-08-10T12:58:33.640;1.312;4;1;HOLD;1252.3695;913.0350;0.9845;1;1.034;55.00;209.36;Базовый
2026-08-10T12:58:33.640;1.312;4;2;LOCK;1309.4059;867.9250;1.0000;0;1.000;51.00;205.04;Базовый
2026-08-10T12:58:33.931;1.603;5;1;LOCK;1252.3811;913.0380;0.9990;0;1.000;55.00;210.04;Базовый
2026-08-10T12:58:33.931;1.603;5;2;LOCK;1309.3224;867.5009;0.9999;0;1.000;52.00;204.72;Базовый
2026-08-10T12:58:34.221;1.893;6;1;HOLD;1252.3811;913.0380;0.9547;3;1.102;55.00;210.04;Базовый
2026-08-10T12:58:34.221;1.893;6;2;LOCK;1309.3134;867.4366;0.9999;0;1.000;52.00;204.04;Базовый
2026-08-10T12:58:34.499;2.171;7;1;HOLD;1252.4115;913.0245;0.9840;1;1.034;53.00;209.52;Базовый
2026-08-10T12:58:34.499;2.171;7;2;LOCK;1309.4010;867.8822;0.9975;0;1.000;68.00;204.04;Базовый
2026-08-10T12:58:34.776;2.448;8;1;HOLD;1252.4115;913.0245;0.9547;3;1.102;53.00;209.52;Базовый
2026-08-10T12:58:34.776;2.448;8;2;LOCK;1309.4307;868.0214;0.9999;0;1.000;52.00;204.72;Базовый
2026-08-10T12:58:35.066;2.738;9;1;HOLD;1252.4312;913.0210;0.9695;2;1.068;54.00;210.20;Базовый
2026-08-10T12:58:35.066;2.738;9;2;LOCK;1309.4468;868.0885;0.9999;0;1.000;52.00;205.40;Базовый
2026-08-10T12:58:35.344;3.016;10;1;LOCK;1252.4338;913.0259;0.9995;0;1.000;55.00;210.20;Базовый
2026-08-10T12:58:35.344;3.016;10;2;LOCK;1309.4428;868.0640;0.9999;0;1.000;52.00;204.88;Базовый
2026-08-10T12:58:35.620;3.292;11;1;HOLD;1252.4338;913.0259;0.9697;2;1.068;55.00;210.20;Базовый
2026-08-10T12:58:35.620;3.292;11;2;LOCK;1309.3711;867.9798;0.9999;0;1.000;56.00;204.88;Базовый
2026-08-10T12:58:35.905;3.577;12;1;HOLD;1252.4535;913.0030;0.9840;1;1.034;52.00;209.68;Базовый
2026-08-10T12:58:35.905;3.577;12;2;LOCK;1309.3162;867.8527;0.9999;0;1.000;55.00;205.04;Базовый
2026-08-10T12:58:36.187;3.859;13;1;HOLD;1252.4535;913.0030;0.9547;3;1.102;52.00;209.68;Базовый
2026-08-10T12:58:36.187;3.859;13;2;LOCK;1309.2992;867.7916;0.9999;0;1.000;55.00;205.04;Базовый
2026-08-10T12:58:36.466;4.138;14;1;HOLD;1252.4706;912.9812;0.9840;1;1.034;52.00;209.68;Базовый
2026-08-10T12:58:36.466;4.138;14;2;LOCK;1309.2893;867.7823;0.9999;0;1.000;54.00;205.04;Базовый
2026-08-10T12:58:36.747;4.419;15;1;HOLD;1252.4706;912.9812;0.9547;3;1.102;52.00;209.68;Базовый
2026-08-10T12:58:36.747;4.419;15;2;LOCK;1309.2787;867.7933;0.9998;0;1.000;54.00;205.04;Базовый
2026-08-10T12:58:37.026;4.698;16;1;HOLD;1252.4582;912.9841;0.9845;1;1.034;55.00;210.36;Базовый
2026-08-10T12:58:37.026;4.698;16;2;LOCK;1309.3148;867.8256;0.9998;0;1.000;52.00;205.36;Базовый
2026-08-10T12:58:37.309;4.981;17;1;LOCK;1252.4443;912.9896;0.9995;0;1.000;55.00;210.36;Базовый
2026-08-10T12:58:37.309;4.981;17;2;LOCK;1309.3745;867.8760;0.9999;0;1.000;52.00;205.36;Базовый
2026-08-10T12:58:37.595;5.267;18;1;LOCK;1252.4171;913.0163;0.9995;0;1.000;55.00;202.80;Базовый
2026-08-10T12:58:37.595;5.267;18;2;LOCK;1309.4318;867.8716;0.9999;0;1.000;53.00;205.36;Базовый
2026-08-10T12:58:37.884;5.556;19;1;LOCK;1252.4007;913.0371;0.9995;0;1.000;55.00;203.48;Базовый
2026-08-10T12:58:37.884;5.556;19;2;LOCK;1309.4479;867.8762;0.9999;0;1.000;52.00;205.36;Базовый
2026-08-10T12:58:38.172;5.844;20;1;LOCK;1252.3969;913.0464;0.9995;0;1.000;55.00;203.48;Базовый
2026-08-10T12:58:38.172;5.844;20;2;LOCK;1309.4341;867.8889;0.9999;0;1.000;52.00;205.36;Базовый
2026-08-10T12:58:38.452;6.124;21;1;LOCK;1252.3991;913.0467;0.9995;0;1.000;55.00;203.48;Базовый
2026-08-10T12:58:38.452;6.124;21;2;LOCK;1309.4154;867.9242;0.9999;0;1.000;51.00;205.36;Базовый
2026-08-10T12:58:38.733;6.405;22;1;LOCK;1252.4032;913.0440;0.9995;0;1.000;55.00;203.48;Базовый
2026-08-10T12:58:38.733;6.405;22;2;LOCK;1309.3978;867.9556;0.9999;0;1.000;51.00;205.36;Базовый
2026-08-10T12:58:39.026;6.698;23;1;LOCK;1252.4096;913.0379;0.9995;0;1.000;55.00;203.48;Базовый
2026-08-10T12:58:39.026;6.698;23;2;LOCK;1309.3794;867.9845;0.9999;0;1.000;51.00;205.36;Базовый
2026-08-10T12:58:39.302;6.974;24;1;LOCK;1252.4128;913.0340;0.9995;0;1.000;55.00;203.48;Базовый
2026-08-10T12:58:39.302;6.974;24;2;LOCK;1309.3749;867.9907;0.9999;0;1.000;51.00;205.36;Базовый
2026-08-10T12:58:39.577;7.249;25;1;HOLD;1252.4128;913.0340;0.9697;2;1.068;55.00;203.48;Базовый
2026-08-10T12:58:39.577;7.249;25;2;LOCK;1309.4456;868.3078;0.9976;0;1.000;68.00;205.04;Базовый
2026-08-10T12:58:39.861;7.533;26;1;HOLD;1252.4307;913.0211;0.9845;1;1.034;53.00;210.00;Базовый
2026-08-10T12:58:39.861;7.533;26;2;LOCK;1309.6550;869.2945;0.9976;0;1.000;68.00;205.04;Базовый
2026-08-10T12:58:40.141;7.813;27;1;HOLD;1252.4307;913.0211;0.9552;3;1.102;53.00;210.00;Базовый
2026-08-10T12:58:40.141;7.813;27;2;LOCK;1309.7590;869.7770;0.9976;0;1.000;68.00;205.04;Базовый
2026-08-10T12:58:40.421;8.093;28;1;HOLD;1252.4473;913.0098;0.9845;1;1.034;53.00;210.68;Базовый
2026-08-10T12:58:40.421;8.093;28;2;LOCK;1309.6842;869.3443;0.9999;0;1.000;52.00;205.04;Базовый
2026-08-10T12:58:40.698;8.370;29;1;HOLD;1252.4473;913.0098;0.9552;3;1.102;53.00;210.68;Базовый
2026-08-10T12:58:40.698;8.370;29;2;LOCK;1309.7115;869.4699;0.9976;0;1.000;68.00;205.04;Базовый
2026-08-10T12:58:40.977;8.649;30;1;HOLD;1252.4657;912.9873;0.9807;1;1.034;52.00;208.28;Базовый
2026-08-10T12:58:40.977;8.649;30;2;LOCK;1309.7333;869.5853;0.9976;0;1.000;68.00;205.04;Базовый
2026-08-10T12:58:41.255;8.927;31;1;HOLD;1252.4657;912.9873;0.9515;3;1.102;52.00;208.28;Базовый
2026-08-10T12:58:41.255;8.927;31;2;LOCK;1309.7471;869.6695;0.9976;0;1.000;68.00;205.04;Базовый
2026-08-10T12:58:41.540;9.212;32;1;HOLD;1252.4607;912.9813;0.9697;2;1.068;55.00;211.00;Базовый
2026-08-10T12:58:41.540;9.212;32;2;LOCK;1309.6104;869.0469;0.9999;0;1.000;51.00;205.68;Базовый
2026-08-10T12:58:41.821;9.493;33;1;LOCK;1252.4817;912.9813;0.9993;0;1.000;54.00;211.16;Базовый
2026-08-10T12:58:41.821;9.493;33;2;LOCK;1309.4738;868.4016;0.9999;0;1.000;51.00;206.36;Базовый
2026-08-10T12:58:42.118;9.790;34;1;HOLD;1252.4817;912.9813;0.9550;3;1.102;54.00;211.16;Базовый
2026-08-10T12:58:42.118;9.790;34;2;LOCK;1309.3300;867.7171;0.9999;0;1.000;51.00;206.36;Базовый
2026-08-10T12:58:42.413;10.085;35;1;HOLD;1252.4943;912.9910;0.9696;2;1.068;55.00;211.16;Базовый
2026-08-10T12:58:42.413;10.085;35;2;LOCK;1309.2785;867.4720;0.9999;0;1.000;51.00;205.84;Базовый
2026-08-10T12:58:42.701;10.373;36;1;HOLD;1252.5109;912.9926;0.9843;1;1.034;54.00;211.16;Базовый
2026-08-10T12:58:42.701;10.373;36;2;LOCK;1309.2962;867.5548;0.9999;0;1.000;51.00;205.68;Базовый
2026-08-10T12:58:43.000;10.672;37;1;LOCK;1252.5247;912.9937;0.9993;0;1.000;54.00;211.16;Базовый
2026-08-10T12:58:43.000;10.672;37;2;LOCK;1309.3428;867.7705;0.9999;0;1.000;51.00;205.68;Базовый
2026-08-10T12:58:43.289;10.961;38;1;HOLD;1252.5247;912.9937;0.9550;3;1.102;54.00;211.16;Базовый
2026-08-10T12:58:43.289;10.961;38;2;LOCK;1309.3840;867.9636;0.9999;0;1.000;51.00;205.68;Базовый
2026-08-10T12:58:43.576;11.248;39;1;HOLD;1252.4972;913.0069;0.9694;2;1.068;54.00;210.16;Базовый
2026-08-10T12:58:43.576;11.248;39;2;LOCK;1309.4113;868.0232;0.9999;0;1.000;52.00;204.36;Базовый
